Days,Med-Surg Census,ICU Census,Vents Census,Critical Admissions,Non-Critical Admissions,Cumulative PPE Needed,Cumulative Deaths
4/15,76.19208777942434,29.954921148205905,21.133840073887605,4.438018414731394,10.781934308181793,102.07644755687711,8.130886117139854
4/16,76.6910371085399,30.15108308898216,21.272236535171462,4.438018414731394,10.781934308181793,204.82135002175528,11.69405422735267
4/17,78.42395919687193,30.832381449807343,21.75290715783954,5.386399590501149,13.085976919254326,309.8878915941202,15.283959273594187
4/18,81.06211930529898,31.869574160066893,22.484668885936767,6.155060774824142,14.953399183008347,418.4888423131948,18.960033658595464
4/19,84.38804852536713,33.17716331315688,23.407201110509458,6.8095758840229035,16.543509509650736,531.5456236769555,22.765948476907862
4/20,88.25928797199835,34.69914119497282,24.480989186637267,7.394372996521583,17.96424359891133,649.7888014484136,26.73497064970342
4/21,92.58400976931624,36.399405673899054,25.680562285266205,7.939671672134729,19.289018295492962,773.8259172862494,30.893560559005387
4/22,97.30462143245772,38.25531426312255,26.98994564576131,8.466145660982376,20.568059397233256,904.1873547552765,35.263795477105354
4/23,102.38673799403452,40.25334851188526,28.399601710839292,8.988057722644346,21.83601753476786,1041.3574310186302,39.86500707164767
4/24,107.81176378793128,42.3861975336054,29.904372493034487,9.515367582166993,23.11708934072472,1185.7955501599868,44.71489166614673
4/25,113.57190178082404,44.6507959244436,31.502095284116656,10.055149465010455,24.42846127695792,1337.9506703822701,49.83026622170649
4/26,119.66679538860882,47.04700349335079,33.19267117629044,10.612545256383868,25.782625285447924,1498.2712721637529,55.227586000163356
4/27,126.1012678943238,49.576716514169746,34.97743803146946,11.19140521365362,27.1889353656861,1667.2122978557504,60.92330178400641
4/28,132.88379952340225,52.24326898773411,36.85874805883082,11.794718369552472,28.65465321682687,1845.2400509799033,66.93410899998896
4/29,140.0254998769626,55.05102865399157,38.839682792693445,12.424901299938803,30.185649783900406,2032.8357188686127,73.27712394209954
4/30,147.53941254705472,58.005123601471105,40.92386020962685,13.083991431824252,31.786874889585302,2230.4979636811104,79.97001074793229
5/1,155.44004195562556,61.11125624401102,43.11530348503845,13.773775938168349,33.462670377390594,2438.744879513846,87.03107500630026
5/2,163.74302825296272,64.3755755070741,45.41835081787437,14.495877090078492,35.216977470374744,2658.115513964179,94.47933462905306
5/3,172.46492018472537,67.80458753041542,47.837592429434196,15.251808091737148,37.05347241918964,2889.1710853983463,102.33457507833958
5/4,181.623012025115,71.40509155835443,50.37782533258135,16.04300881792622,38.975653324532416,3132.495981754714,110.61739364528863
5/5,191.23522155744507,75.18413196783297,53.04401948650793,16.870867775214478,40.986893490705114,3388.698595874547,119.34923585263675
5/6,201.31999339825347,79.14896026028778,55.84129098118464,17.736734522727193,43.0904716012268,3658.412031313669,128.5524259499541
5/7,211.8962168752906,83.30700277537957,58.774879258703386,18.641925385427744,45.289585598953295,3942.2946981332066,138.25019271589318
5/8,222.98315096948173,87.6658311819236,61.85012629399518,19.587724349092305,47.58735486037149,4241.030808133203,148.46669126286525
5/9,234.60035104575027,92.23313367211118,65.07245627173488,20.575380391760316,49.98681371249746,4555.330771925683,159.22702117866265
5/10,246.7675935841262,97.0166853695431,68.44735470857336,21.606102080621447,52.49089830629505,4885.931495168092,170.55724108492518
5/11,259.504796121417,102.02431685429563,71.98034624689569,22.681049978324943,55.102428168200476,5233.596567540598,182.48437950913632
5/12,272.83193028736906,107.2638799730853,75.67697053315834,23.801327213069058,57.82408329064631,5599.116335215753,195.03644183165866
5/13,286.76892627768075,112.74321028283155,79.54275572101614,24.96796844200806,60.65837731923431,5983.30784534826,208.24241296657203
5/14,301.3355674241655,118.47008560091406,83.58318922763877,26.181927357026765,63.60762719866626,6387.014649317755,222.1322553544327
5/15,316.55137375085013,124.4521802252498,87.8036854349922,27.44406283207626,66.6739195184184,6811.106449968767,236.73690177977363
5/16,332.4354735789763,130.69701445579628,92.2095500761753,28.755123782893644,69.85907373022015,7256.478576836694,252.08824247191978
5/17,349.00646238824737,137.21189910584738,96.80594108694756,30.11573279695516,73.16460237787881,7724.051272286651,268.2191059018893
5/18,366.28224827356945,144.00387474334735,101.59782573917147,31.526368589900674,76.59166847607771,8214.768770606848,285.16323264937137
5/19,384.27988346849617,151.07964545432918,106.58993390949605,32.987347351748305,80.14104019197748,8729.598151389713,302.9552416814203
5/20,403.0153815478742,158.44550697613,111.78670737579725,34.498803060223395,83.81304301747525,9269.527948014813,321.6305883586074
5/21,422.50352007981314,166.10726911000853,117.19224507761339,36.06066685827262,87.60750966795067,9835.566491739686,341.2255134653904
5/22,442.7576286764974,174.07017239331662,122.8102443265731,37.67264561750082,91.52372800325354,10428.739971837034,361.77698255020834
5/23,463.78936259872114,182.3387990921166,128.64393800977555,39.33419983824152,95.56038733707756,11050.09019242425,383.32261485835454
5/24,485.6084623035866,190.91697866735313,134.69602789414486,41.04452106973666,99.71552358046452,11700.672007152969,405.90060114830624
5/25,508.22249959087094,199.8076879722913,140.96861421357974,42.80250906995184,103.98646375276643,12381.55041380456,429.54960970132566
5/26,531.6366113025558,209.01294655647996,147.46312180365152,44.60674896334088,108.36977048762569,13093.797292116196,454.3086798663462
5/27,555.8532218623593,218.5337075821625,154.1802231407895,46.45548869574765,112.86118726083477,13838.48776988621,480.2171025290329
5/28,580.8717563071901,228.36974500258557,161.1197587441555,48.34661712781168,117.45558516940753,14616.69620462048,507.314286957101
5/29,606.6883458583802,238.51953780732268,168.2806555082338,50.27764315077992,122.14691219453283,15429.49177072525,535.6396135550912
5/30,633.2955285041232,248.98015230625205,175.66084365165023,52.24567625038816,126.92814598253811,16277.93364556272,565.2322721623578
5/31,660.681947510948,259.74712359933557,183.25717309155579,54.247408984135774,131.79125127434213,17163.065791594934,596.1310856493791
6/1,688.8320512448148,270.81433756127547,191.065330181268,56.279101873309926,136.72714320141552,18085.91133637046,628.3743187107644
6/2,717.7257981532093,282.1739148552174,199.07975587944784,58.33657124180556,141.72565774082824,19047.46655726819,661.9994719193303
6/3,747.3383712281855,293.81609867388863,207.29356654906258,60.41518055725497,146.77553067897526,20048.694483700165,697.0430612947126
6/4,777.6399067244671,305.72914808511365,215.69847871035628,62.509835844212425,151.86438646814798,21090.518135871185,733.5403838521015
6/5,808.5952423323304,317.8992390259765,224.28473919010614,64.61498574204762,156.97873836718318,22173.8134261594,771.5252698310862
6/6,840.1636903861291,330.31037513974684,233.04106221515886,66.72462676968912,162.1040012318828,23299.401756658615,811.029822559908
6/7,872.2988420084931,342.94431077516737,241.95457508677453,68.8323143334075,167.2245182578489,24468.042354327736,852.0841471844325
6/8,904.948408328739,355.78048856146756,251.01077413845874,70.9311799706003,172.32360287336024,25680.42439341649,894.7160697808417
6/9,938.0541050524424,368.7959940268888,260.19349271835716,73.01395526049949,177.38359682918895,26937.15896324616,938.9508486724438
6/10,971.5515866779132,381.9655297358897,269.48488294249887,75.07300275075079,182.38594533311235,28238.77094785843,984.8108800791867
6/11,1005.3704365356049,395.26141137313937,278.86541293196956,77.10035414635956,187.31128982796557,29585.690892319843,1032.3154005375793
6/12,1039.434218550921,408.6535880940669,288.31388117066075,79.08775588468838,192.13957871372148,30978.246938374134,1081.480188831951
6/13,1073.6605961846099,422.1096892862794,297.8074494964548,81.02672207796994,196.850195968565,32416.65691944201,1132.3172704676908
6/14,1107.961523376626,435.59509963914627,307.3216960644284,82.90859464501365,201.4221072357387,33901.0207114332,1184.8346279848881
6/15,1142.243511502286,449.0730640976185,316.83068939402534,84.72461027926708,205.83402251895563,35431.31294120634,1239.0359206477378
6/16,1176.4079753426377,462.5048238804871,326.307084332859,86.4659737149842,210.06457417873463,37007.376158534054,1294.9202172418954
6/17,1210.351659879657,475.84978427492547,335.7222404393646,88.1239365617847,214.0925084568512,38628.91457985619,1352.4817458593413
6/18,1243.9671483639338,489.0657143833122,345.0463629084718,89.68988078610323,217.89688829016492,40295.488512704105,1411.7096646392056
6/19,1277.1434505884483,502.10897840308024,354.24866574450454,91.15540573243749,221.45730472420396,42006.50956825006,1472.5878574549633
6/20,1309.7666686654384,514.9347973769089,363.29755643156153,92.51241740497821,224.75409381822925,43761.2367658145,1535.0947584860417
6/21,1341.7207358805667,527.497539673257,372.1608408737704,93.7532185784992,227.76855556494286,45558.77362723481,1599.2032094791416
6/22,1372.8882224331728,539.7510377631625,380.8059468881208,94.87059818361938,230.4831710473207,47398.06635070444,1664.8803532872632
6/23,1403.151200113026,551.6489281679287,389.20016404485773,95.85791832262792,232.88181383902247,49277.9031430411,1732.0875669704153
6/24,1432.392156267042,563.1450107851613,397.310897179715,96.70919722410353,234.94995153831292,51196.91477641912,1800.7804373516585
6/25,1460.494945830864,574.1936231800069,405.10593046442204,97.41918644247859,236.67483332037747,53153.57642056228,1870.9087814484767
6/26,1487.345768797605,584.7500248770131,412.55369853286203,97.98344065588415,238.04565950754676,55146.21078447601,1942.4167136483075
6/27,1512.8341593247542,594.7707862275324,419.62356083537566,98.39837851358142,239.05372939495854,57172.99258331087,2015.24276087704
6/28,1536.8539717910555,604.2141760780078,426.2860751470608,98.66133313249708,239.6925639292567,59231.954326271174,2089.3200263317576
6/29,1559.3043485514586,613.0405422428552,432.5132659995604,98.77059103808251,239.9580003133784,61320.993401049054,2164.5764016278067
6/30,1580.0906539337818,621.2126787052736,438.2788837491195,98.72541858298256,239.8482561893319,63437.8804095573,2240.9348264614136
7/1,1599.1253591974378,628.69617353879,443.5586500427047,98.52607515082568,239.36396171611636,65580.26868926357,2318.3135941301666
7/2,1616.328863741086,635.4597317650675,448.3304856011214,98.17381275304882,238.50815859022904,67745.70493471698,2396.6267005034633
7/3,1631.6302387967119,641.4754677372505,452.57471650174114,97.67086194383518,237.28626582674067,69931.6408154204,2475.784233312615
7/4,1644.9678811622236,646.7191621549505,456.2742555080939,97.02040430082826,235.7060129026257,72135.4454695245,2555.69279795458
7/5,1656.2900661690041,651.1704794634531,459.4147554496756,96.22653203575564,233.77734163287874,74354.41873834643,2636.2559753921205
7/6,1665.5553910080398,654.8131421473963,461.98473218988084,95.29419559810329,231.51227887637364,76585.80499482356,2717.3748072027456
7/7,1672.7331016905146,657.6350592753349,463.97565531695415,94.22914040594436,228.9247828267115,78826.80741000445,2798.948302392982
7/8,1677.80329923006,659.6284075602986,465.38200533395303,93.03783407165504,226.03056621089203,81074.60249576744,2880.873960264402
7/9,1680.7570230327253,660.7896641445592,466.2012967891062,91.72738567899285,222.84690017718506,83326.35475925881,2963.048303401172
7/10,1681.596211893526,661.1195912654239,466.4340674572009,90.30545880640454,219.39240298979266,85579.23130507709,3045.367414750037
7/11,1680.3335453524955,660.6231738843627,466.08383433559334,88.78018007629133,215.6868178540575,87830.41622491801,3127.7274727832523
7/12,1676.9921703899176,659.3095122372325,465.1570178360843,87.16004504047329,211.7507842701069,90077.1246210663,3210.0252788701746
7/13,1671.605320478204,657.1916720645135,463.6628361191353,85.45382318974401,207.6056072585192,92316.61611952171,3292.1587712277405
7/14,1664.2158358042084,654.2864959867004,461.61317201515675,83.67046380376767,203.2730286275583,94546.20774035492,3374.0275201646377
7/15,1654.875594989102,650.6143800849582,459.02241539736315,81.81900424202769,198.77500417081572,96763.28600672419,3455.5331997667495
7/16,1643.644869833833,646.199020219283,455.90728420378866,79.90848212389017,194.13349031325467,98965.31818942848,3536.5800316785276
7/17,1630.5916154897088,641.067132959051,452.28662754779674,77.94785266389042,189.3702432815988,101149.86260048434,3617.075197200994
7/18,1615.790708991268,635.2481562121966,448.18121450553747,75.94591222541922,184.50663338200008,103314.57786654608,3696.9292145358872
7/19,1599.3231492993511,628.7739347221279,443.6135122272682,73.91122894052485,179.5634764444653,105457.23113060379,3776.0562786406995
7/20,1581.2752319037027,621.6783955627195,438.6074569921028,71.85208102369877,174.56088395941543,107575.70514787565,3854.374561804918
7/21,1561.7377106527435,613.9972186116672,433.1882217198879,69.77640319079822,169.51813290525212,109668.0042587827,3931.8064736985043
7/22,1540.8049588466574,605.7675067342141,427.38198327874005,67.6917413872797,164.45355576296177,111732.25923801902,4008.2788802656282
7/23,1518.5741407868786,597.0274600778129,421.2156926929355,65.60521583819516,159.3844507480079,113766.7310337259,4083.7232814276445
7/24,1495.1444039617545,587.8160584798986,414.71685107477515,63.52349226023771,154.32701187149777,115769.81342441707,4158.075948108879
7/25,1470.6161009070345,578.1727555423217,407.91329378752766,61.452760926590315,149.2962780793237,117740.03463341082,4231.27801959861
7/26,1445.0900485528168,568.1371874435821,400.8329850062083,59.39872315028122,144.30610041418015,119676.0579509908,4303.275562706417
7/27,1418.6668315955803,557.7488990595263,393.5038244898498,57.36658465192289,139.3691259028311,121576.68142327678,4374.019594551621
7/28,1391.4461551516163,547.047089459029,385.9534680232414,55.36105520284819,134.49679668912813,123440.83667382904,4443.466071148562
7/29,1363.5262506892045,536.070378346214,378.2091626368995,53.38635388366259,129.6993628093889,125267.58692936526,4511.575844207563
7/30,1335.0033380291497,524.8565945459512,370.29759737904544,51.44621926934409,124.98590693656602,127056.12432470605,4578.31458876764
7/31,1305.9711450697473,513.4425871837165,362.24477009894105,49.543923842990026,120.36437939769357,128805.76656428393,4643.65270441403
8/1,1276.5204858507095,501.86405980141257,354.0758704120396,47.68229194855558,115.84164178912891,130515.95301837407,4707.565192914875
8/2,1246.7388966339156,490.155427282509,345.8151787575984,45.863720615703464,111.4235175694391,132186.24033177327,4770.03151514158
8/3,1216.7103288553221,478.34969513607695,337.4859812309746,44.09020262440532,107.1148480936473,133816.29762111887,4831.035430121514
8/4,1186.5148970959513,466.4783604115775,329.1104996768799,42.36335122049006,102.9195526583685,135405.9013345582,4890.564819015505
8/5,1156.2286796309186,454.5713332847075,320.70983636651147,40.6844259433753,98.84069124893631,136954.92984420847,4948.611496721571
8/6,1125.9235686411396,442.6568781681277,312.3039324499061,39.05435908142299,94.88052881130983,138463.35783794153,5005.1710136865195
8/7,1095.66716680729,430.7615730573764,303.91153927360915,37.4737823266755,91.04060000836502,139931.25057263306,5060.242450363869
8/8,1065.5227267424775,418.9102857188226,295.55020158076445,35.94305325739168,87.32177355783502,141358.75804626814,5113.828206595472
8/9,1035.5491295501179,407.1261652596942,287.236251563588,34.462281332353356,83.72431538412226,142746.10914132025,5165.933788020233
8/10,1005.8008987069882,395.4306475862013,278.98481271419115,33.03135313417911,80.24794994561307,144093.6057867298,5216.567591430959
8/11,976.3282454581623,383.84347325055586,270.8098124160364,31.649956648972374,76.89191922081632,145401.61718069925,5265.740690813811
8/12,947.1771419601378,372.38271620719354,262.7240022320691,30.317604415901336,73.65503894906091,146670.57411148015,5313.466625617587
8/13,918.3894185108084,361.0648220387404,254.73898487395797,29.033655422343873,70.53575182360844,147900.96340842138,5359.761192615244
8/14,890.0028813502746,349.90465426940364,246.86524687718665,27.79733565780352,67.5321774263202,149093.32255083817,5404.642242540321
8/15,862.0514476956714,338.9155474539181,239.1121960564453,26.607757272853654,64.64215877331317,150248.2344577908,5448.129482508261
8/16,834.5652948778808,328.1093658106478,231.48820287254296,25.46393631796096,61.86330541050639,151366.32247766518,5490.244285068809
8/17,807.5710206705879,317.49656625495857,224.00064490380515,24.364809061349913,59.19303305702188,152448.24559255055,5531.00950458186
8/18,781.0918121359896,307.0862647809125,216.6559536797849,23.309246905342455,56.62859984365406,153494.6938488239,5570.449301466277
8/19,755.1476205507329,296.8863052334044,209.45966320148165,22.296069937144257,54.167139233798316,154506.38402208706,5608.588974739829
8/20,729.7553402154372,286.9033296071304,202.416459538773,21.32405916318421,51.805689746140786,155484.05552165935,5645.454803148753
8/21,704.9289891872946,277.14284910161365,195.53023096126117,20.391967486200166,49.54122162291574,156428.46653720224,5681.073895077601
8/22,680.6798902044242,267.6093152516188,188.80411812230776,19.498529491657287,47.370660605498685,157340.390427733,5715.474047333774
8/23,657.0168502902162,258.306190538604,182.24056387692926,18.64247011513455,45.29090899136983,158220.61235125855,5748.683612816125
8/24,633.9463377338585,249.23601797061974,175.84136237190964,17.822512265354675,43.2988641538678,159069.92613151486,5780.731377002795
8/25,611.4726553381339,240.40048919468362,169.60770710054368,17.037383478876915,41.39143470941877,159889.13135681048,5811.646443129442
8/26,589.5981090064676,231.80051077678294,163.54023766460148,16.285821682410017,39.56555451677526,160679.0307047305,5841.458125874532
8/27,568.3231709075664,223.43626835005622,157.6390850322483,15.566580137496949,37.81819468986989,161440.42748543626,5870.195853322856
8/28,547.6466366076346,215.30728839132763,151.90391512271583,14.87843164020904,36.14637380075325,162174.12339547896,5897.889076940988
8/29,527.5657756971942,207.412497440045,146.33397058653483,14.220172045671761,34.547166442245505,162880.91647341193,5924.56718926848
8/30,508.0764755623307,199.75027862194864,140.9281106841969,13.59062318390869,33.01771031182725,163561.5992480166,5950.259449005356
8/31,489.1733780592477,192.31852538267574,135.68484919636634,12.988635229788857,31.55521196930299,164216.95706963504,5974.994913159266
9/1,470.8500089470209,185.11469237425086,130.60239032539172,12.41308858592726,30.15695141120979,164847.7666149067,5998.802375903841
9/2,453.09890001715314,178.1358434703231,125.67866257108687,11.862895333328424,28.820285595080097,165454.79455512503,6021.710313792646
9/3,435.91170393078556,171.37869691441884,120.91135058379244,11.337000300468581,27.542651036721214,166038.79637844473,6043.746836970129
9/4,419.27930183608356,164.8396676297193,116.29792501483264,10.8343817974563,26.321565593820218,166600.51535626638,6064.939646021481
9/5,403.1919038902686,158.5149067393,111.83567039889265,10.354052057950925,25.154629539561757,167140.681644293,6085.315994106901
9/6,387.6391428538999,152.40033836272477,107.52171111480583,9.895057427697786,24.039526020664564,167660.01150897754,6104.9026540318455
9/7,372.61016096017534,146.4916937687134,103.35303548099412,9.45647833489105,22.974020985379486,168159.20667035074,6123.725889913109
9/8,358.09369029004966,140.78454297462156,99.32651804957963,9.03742907412231,21.955962658603895,168638.95375253021,6141.811433110484
9/9,344.0781269056621,135.27432389199933,95.43894016920198,8.637057432430701,20.983280633389928,169099.92383354745,6159.184462105131
9/10,330.5515990106512,129.9563691238209,91.6870088910393,8.254544182946601,20.053984640778246,169542.77208649117,6175.869586018153
9/11,317.5020294171302,124.82593052337727,88.06737429563428,7.889102468818507,19.166163053080545,169968.13750433907,6191.890831476065
9/12,304.91719260602764,119.87820162755067,84.57664532005109,7.539977097530635,18.31798116946093,170376.64270123493,6207.27163254358
9/13,292.78476667076995,115.10833807847443,81.21140416579486,7.206443763351341,17.507679326914918,170768.8937833557,6222.03482345822
9/14,281.0923804344267,110.51147614764,77.96821936796688,6.887808213493239,16.733570874498913,171145.48028290298,6236.202633915467
9/15,269.8276560279506,106.0827494755329,74.84365760543733,6.583405371604795,15.994040043898766,171506.97514913723,6249.796686667447
9/16,258.9782472124587,101.81730413803852,71.83429433051798,6.292598430440145,15.287539745118389,171853.93479075364,6262.837997212232
9/17,248.5318737220113,97.71031214830643,68.93672329481743,6.014777923957118,14.612589312190302,172186.8991642676,6275.3469753647405
9/18,238.47635189540352,93.75698349964007,66.14756504575834,5.749360787661237,13.967772220330367,172506.39190343863,6287.343428513799
9/19,228.79962185639667,89.95257685140534,63.463474465715436,5.495789414733729,13.351733792850043,172812.92048510804,6298.846566383092
9/20,219.48977149185086,86.29240895603398,60.881147422968766,5.253530714342289,12.763178913371451,173106.976427161,6309.87500712646
9/21,210.5350574666162,82.77186292102856,58.39732660072567,5.022075177522866,12.20086975643592,173389.03551464248,6320.446784600269
9/22,201.9239235029953,79.38639539553361,56.00880656740102,4.800935955127781,11.663623547427003,173659.55805036303,6330.579356667266
9/23,193.6450161412848,76.13154276659291,53.71243814820973,4.589647951549385,11.150310360819367,173918.9891266189,6340.289614397556
9/24,185.68719818647915,73.00292644572143,51.50513215495684,4.387766937238909,10.65985096408962,174167.75891492734,6349.593892042903
9/25,178.03956003480914,69.99625732193412,49.383862527744945,4.194868682437767,10.191214713161692,174406.28297093636,6358.507977670692
9/26,170.69142906248692,67.10733945293143,47.34566893918475,4.010548114014481,9.743417503986102,174634.9625519126,6367.04712435333
9/27,163.63237724792947,64.33207306177643,45.38765890861527,3.834418496846195,9.315519783749039,174854.18494444122,6375.226061817845
9/28,156.85222718790146,61.666456902141675,43.50700947083616,3.6661106407922155,8.906624624255935,175064.32380018535,6383.059008468838
9/29,150.34105665750974,59.10659005107112,41.700968440939754,3.5052721339708905,8.515875859217624,175265.7394777551,6390.559683705812
9/30,144.08920185384136,56.648673184216456,39.96685531401775,3.351566602764353,8.142456286470454,175458.7793889218,6397.741320463254
10/1,138.08725945329417,54.289009384676675,38.30206183581483,3.2046729987323688,7.785585935570663,175643.77834758878,6404.616677908718
10/2,132.32608760332795,52.024004532905096,36.70405227781649,3.064284912411561,7.444520400705388,175821.05892009064,6411.198054240511
10/3,126.79680596047982,49.850167321655114,35.170363447793484,2.9301099138050026,7.11854923844651,175990.9317755435,6417.497299532525
10/4,121.4907948780477,47.76410893661788,33.698604464485015,2.80186891922531,6.806994429528975,176153.69603510696,6423.525828579245
10/5,116.39969383885314,45.76254244026305,32.28645632288498,2.6792955840382495,6.5092089035530485,176309.6396191465,6429.294633699015
10/6,111.51539922094801,43.842281893426254,30.931671274503188,2.562135720760073,6.224575125282141,176459.03959140234,6434.814297458342
10/7,106.83006147702146,42.0002412463929,29.63207204500113,2.450146741887337,5.952503741026905,176602.1624993797,6440.095005284318
10/8,102.33608180158663,40.233433028602555,28.385550909750272,2.343097126780233,5.692432283466088,176739.26471027377,6445.146557936217
10/9,98.02610835376792,38.538966863637654,27.19006864612473,2.240765911877041,5.443823933149131,176870.59274183455,6449.978383810917
10/10,93.89303209765679,36.91404783385928,26.04365337971667,2.1429422034861925,5.206166334849891,176996.38358765858,6454.599551060191
10/11,89.92998231674079,35.35597471690484,24.94439934014759,2.0494247123817653,4.978970466890669,177116.86503647148,6459.018779500876
10/12,86.13032185382318,33.862138114262365,23.890465540737253,1.9600213094163836,4.76176956152692,177232.25598503323,6463.244452301781
10/13,82.48764212311866,32.43001849027579,22.880074394979854,1.8745486013611097,4.554118074472389,177342.766744361,6467.2846274336525
10/14,78.9957579368211,31.057184138209934,21.911510281559156,1.7928315261837302,4.355590701648818,177448.59933902093,6471.147048870857
10/15,75.6487021843711,29.741289088404464,20.98311806850622,1.7147029669838108,4.165781441261283,177549.9477992918,6474.83915753551
10/16,72.44072039888994,28.480070972067193,20.09330160605968,1.6400033838140788,3.9843026993274555,177646.99844604908,6478.368101976651
10/17,69.36626524177167,27.271348852891418,19.240522196825236,1.5685804626322828,3.810784436824442,177739.93016825974,6481.740748778791
10/18,66.41999093322407,26.11302103742287,18.42329705094252,1.500288780645033,3.6448733566590983,177828.9146930158,6484.963692695668
10/19,63.596747653600275,25.003062873943186,17.640197733150103,1.4349894873245543,3.4862321287148683,177914.11684806691,6488.043266506435
10/20,60.89157593765489,23.93952454857151,16.889848607887878,1.372550000400392,3.33453865127948,177995.69481684302,6490.9855505927535
10/21,58.29970108137264,22.920528886309068,16.170925287886767,1.3128437161503568,3.18948534721191,178073.80038598352,6493.796382236336
10/22,55.81652757874027,21.94426916385592,15.482153091063994,1.255749733338104,3.050778493263124,178148.57918541334,6496.481364637513
10/23,53.43763360374999,21.00900694021044,14.822305509964421,1.201152590168316,2.918137581022412,178220.17092102647,6499.045875656241
10/24,51.15876555102012,20.113069910314227,14.19020269746096,1.1489420136543282,2.791294708019104,178288.7096000552,6501.495076277755
10/25,48.975832646684715,19.254849786323224,13.584709971945834,1.0990126808168847,2.669993997567401,178354.3237492197,6503.833918805774
10/26,46.88490163962495,18.43280021046519,13.00473634480673,1.0512639911564585,2.55399104599974,178417.13662576512,6506.067154786739
10/27,44.882191581680516,17.6454347028797,12.449233072583839,1.005599849864989,2.443052395991016,178477.26642150572,6508.199342669124
10/28,42.964068704178175,16.891324647325234,11.917192235842958,0.9619284612659015,2.3369550347318837,178534.82646000484,6510.234855202303
10/29,41.12704139693631,16.16909731717467,11.407645346472929,0.9201621319937823,2.2354859157640354,178589.9253870283,6512.177886579854
10/30,39.36775529483948,15.477433943701966,10.919661984820406,0.8802170834469967,2.138441503343624,178642.667354415,6514.032459332542
10/31,37.682988476116996,14.815067828285262,10.452348467808623,0.8420132730678132,2.0456273382506382,178693.15219751452,6515.802430976488
11/1,36.06964677559538,14.18078249981198,10.004846548947103,0.8054742240251909,1.9568576240121203,178741.47560634592,6517.491500422298
11/2,34.52475921541903,13.573409918266528,9.57633215092424,0.7705268628952693,1.8719548325553783,178787.7292906349,6519.103214151128
11/3,33.04547355503854,12.991828725208109,9.166014131281797,0.7371013649537463,1.790749328353887,178832.00113888897,6520.640972163808
11/4,31.62905196164585,12.434962541602204,8.773133081498488,0.705131006712738,1.7130790101732778,178874.37537167262,6522.108033709299
11/5,30.27286680168314,11.901778313252175,8.396960159656443,0.6745520253523861,1.6387889695677602,178914.93268924375,6523.507522798851
11/6,28.974396553561686,11.3912847038846,8.0367959567284,0.6453034847144011,1.5677311653184225,178953.75041371476,6524.842433512294
11/7,27.73122184129371,10.902530535771525,7.691969396403224,0.6173271475409282,1.4997641130442183,178990.90262589938,6526.115635102943
11/8,26.541021588358042,10.434603277622674,7.361836668261397,0.5905673536576046,1.4347525892540578,179026.46029700708,6527.3298769076155
11/9,25.401569290785776,9.986627579348967,7.045780194019211,0.5649709038144597,1.3725673491443315,179060.4914153442,6528.487793068248
11/10,24.310729408159915,9.557763853183951,6.743207626479475,0.5404869489124013,1.3130848574804352,179093.06110818012,6529.591907071602
11/11,23.266453870969915,9.14720690055016,6.453550880756248,0.517066884356474,1.2561870319335195,179124.23175893418,6530.644636113457
11/12,22.266778702543952,8.754184583971693,6.176265197280643,0.494664249289866,1.2017609982747666,179154.06311983705,6531.648295293677
11/13,21.309820753595712,8.377956543261218,5.910828236043192,0.4732346304748271,1.1496988568590891,179182.61242021713,6532.605101648421
11/14,20.393774547265117,8.017812955147646,5.656739201484537,0.45273557059823666,1.0998974598582927,179209.9344705603,6533.517178025688
11/15,19.516909232401165,7.673073335459213,5.413517997409874,0.43312648079058663,1.052258198730505,179236.0817624878,6534.386556810278
11/16,18.677565642727046,7.343085382934174,5.180704411272577,0.414368557157603,1.0066868014381032,179261.10456479425,6535.215183504114
11/17,17.87415345944087,7.0272238636972055,4.957857327148336,0.39642470113368505,0.9630931389505478,179285.05101568438,6536.004920167751
11/18,17.105148474737234,6.724889535412854,4.744553966702321,0.3792594434757816,0.9213910405914696,179307.96721134355,6536.757548728737
11/19,16.36908995368373,6.4355081101072065,4.5403891574376,0.36283887172530005,0.8814981178111585,179329.89729097398,6537.474774162325
11/20,15.664578091850279,6.158529254634818,4.344974627503093,0.34713056097415473,0.84333559598629,179350.88351842482,6538.158227549901
11/21,14.990271566066633,5.893425627758951,4.157938326333003,0.3321035077791505,0.8068281538683657,179370.966360541,6538.809469020256
11/22,14.34488517567233,5.639691952808948,3.9789237703866815,0.3177280670765665,0.7719037703209837,179390.18456235196,6539.429990578709
11/23,13.727187571623293,5.39684412487843,3.807589413257788,0.303975891956087,0.7384935780037452,179408.575219218,6540.021218828857
11/24,13.135999070828094,5.1644183515315465,3.6436080394240977,0.2908198761601376,0.7065317236773896,179426.17384604842,6540.5845175915365
11/25,12.570189553104058,4.941970325991224,3.486666180914054,0.27823409918123915,0.6759552348206792,179443.01444370224,6541.0145086024
11/26,12.028676438167624,4.729074431792867,3.336463556172882,0.26619377383621584,0.6467038922646716,179459.12956267854,6541.425978524372
11/27,11.510422740103682,4.525322977898939,3.1927125304194974,0.2546751962019974,0.6187201085643618,179474.55036420046,6541.819722670753
11/28,11.01443519679442,4.330325463283865,3.055137596795365,0.2436556978033574,0.5919488118412856,179489.306678793,6542.196502410368
11/29,10.539762471828409,4.143707870014546,2.923474877617625,0.23311359994824746,0.566337334843595,179503.42706245187,6542.55704659881
11/30,10.085493426454901,3.9651119838691486,2.797471645061056,0.22302817011143378,0.541835308982379,179516.9388504975,6542.902052950827
12/1,9.650755459195647,3.7941947415554518,2.6768858606066077,0.21337958027193218,0.5183945631146328,179529.86820920423,6543.232189356145
12/2,9.23471291077673,3.6306276036097613,2.561485732608114,0.20414886711428412,0.4959690268543344,179542.24018529273,6543.548095140937
12/3,8.836565532095213,3.4740959520779535,2.4510492913433417,0.19531789400803304,0.47451463820356493,179554.07875336992,6543.850382277084
12/4,8.45554701298942,3.3242985121014845,2.3453639809304954,0.18686931468385937,0.4539892553055725,179565.40686139782,6544.139636541279
12/5,8.090923569637166,3.1809467965529623,2.2442262675066913,0.1787865385287236,0.4343525721311322,179576.24647426986,6544.416418625986
12/6,7.741992588462575,3.0437645728880844,2.1474412630805504,0.17105369742606288,0.4155660379185332,179586.61861557054,6544.681265204139
12/7,7.408081324489266,2.9124873514031604,2.0548223644868924,0.16365561407059903,0.39759278019605654,179596.543407591,6544.934689949471
12/8,7.088545652135115,2.7868618941100425,1.9661909068874537,0.15657777169064807,0.38039753122390574,179606.04010967127,6545.177184514225
12/9,6.782768866501419,2.666645743462931,1.8813758312775284,0.14980628511399396,0.36394655770025525,179615.12715493634,6545.40921946597
12/10,6.490160533266796,2.5516067701941334,1.800213365474389,0.14332787311639722,0.3482075935833945,179623.8221854916,6545.631245185189
12/11,6.210155385353414,2.441522739538366,1.7225467180792153,0.1371298319946741,0.33314977588890154,179632.1420861399,6545.843692725214
12/12,5.942212264589912,2.336180895147505,1.6482257849200193,0.13120001030900036,0.3187435833273874,179640.10301668107,6546.046974636043
12/13,5.685813106651613,2.2353775600198094,1.5771068674986388,0.12552678474168216,0.30496077765463886,179647.72044285107,6546.241485753518
12/14,5.440461967614077,2.138917753789422,1.5090524029802674,0.12009903702209528,0.2917743476119615,179655.00916595748,6546.427603955272
12/15,5.205684090510701,2.0466148257434735,1.4439307052791381,0.11490613186983353,0.27915845534020906,179661.98335126397,6546.605690884817
12/16,4.981025010338822,1.958290102955205,1.381615716808887,0.10993789591033236,0.2670883851563903,179668.65655517616,6546.7760926450665
12/17,4.766049696011451,1.873772552942273,1.3219867704807449,0.10518459751935036,0.255540494586888,179675.04175127757,6546.9391404625785
12/18,4.560341727803459,1.7928984602797005,1.2649283615470281,0.10063692755470637,0.24449216755621916,179681.15135526384,6547.095151323691
12/19,4.363502508891559,1.7155111166167971,1.2103299289014215,0.09628598093558607,0.23392176963492078,179686.99724882044,6547.24442858375
12/20,4.1751505096367625,1.6414605235667927,1.1580856454612343,0.09212323903155713,0.22380860525458054,179692.590802488,6547.387262550515
12/21,3.9949205433061894,1.5706031079568472,1.1080942172701684,0.08814055282516849,0.21413287680224982,179697.94289755743,6547.523931042836
12/22,3.822463071978016,1.502801448944565,1.0602586909731593,0.08433012681366407,0.20487564551049678,179703.06394703483,6547.65469992562
12/23,3.6574435414190494,1.4379240165250966,1.0144862693275223,0.08068450361691543,0.19601879406318104,179707.96391571566,6547.77982362207
12/24,3.4995417437688565,1.3758449209703898,0.9706881344269622,0.07719654926017737,0.18754499084067633,179712.65233940494,6547.899545604164
12/25,3.348451206907539,1.3164436727591144,0.9287792783269827,0.07385943910170129,0.17943765573174056,179717.13834331927,6548.014098862264
12/26,3.203878609426168,1.2596049525722754,0.8886783407718508,0.0706666443765998,0.17168092744253693,179721.4306597052,6548.123706354738
12/27,3.065543220159543,1.2052183909455028,0.8503074537345573,0.06761191932965517,0.16425963223646287,179725.53764470672,6548.228581438431
12/28,2.933176361280349,1.1531783571845078,0.8135920924921375,0.06468928891099918,0.15715925404144584,179729.46729451345,6548.328928280797
12/29,2.806520893991956,1.1033837571651925,0.7784609329693076,0.06189303700977019,0.15036590586422696,179733.2272608197,6548.424942254445
12/30,2.6853307258940373,1.0557378396544332,0.7448457150936187,0.05921769520197657,0.14386630245388174,179736.8248656236,6548.516810314858
12/31,2.569370339130947,1.0101480108016023,0.712681111915241,0.05665803198986559,0.13764773415942805,179740.26711539415,6548.604711361981
